{"cameraMode":{"drawMode":0,"name":"Shaded","section":"Shading Mode"},"sceneLighting":true,"audioPlay":false,"sceneViewState":{"m_AlwaysRefresh":false,"showFog":true,"showSkybox":false,"showFlares":true,"showImageEffects":true,"showParticleSystems":true,"showVisualEffectGraphs":true,"m_FxEnabled":true},"in2DMode":false,"pivot":{"x":-0.12280070781707764,"y":0.25100356340408327,"z":-0.24816840887069703},"rotation":{"x":-0.143741175532341,"y":0.7897070050239563,"z":-0.20232664048671723,"w":-0.5610407590866089},"size":0.8061230778694153,"orthographic":false}